episode,reward
0,-0.9014400000000002
100,-0.8945600000000002
200,-0.8993199999999985
300,-0.8978399999999995
400,-0.8953999999999995
500,-0.8956399999999991
